Name,GroupLink,NumberOfUsers
Bitcoin Cash Blockchain Coinbase Decentralization Cryptocurrency Market,https://www.facebook.com/groups/460183919270756,8600
NFT Market Capitalization Smart Contract Crypto Mining Coin base Wallet,https://www.facebook.com/groups/619487189661079,632
Blockchain Group Stablecoin Token Wallet Digital Ethereum Exchange Crypto,https://www.facebook.com/groups/5646866088722297,8100
Genesis Blockchain Hot Wallet Initial Coin Offering Crypto Mining Standard,https://www.facebook.com/groups/513992560177139,8100
"Blockchain, Coins, Tokens, ICO and Crypto Investing, Smart coin tokens",https://www.facebook.com/groups/478072124277063,8000
"Altcoins, Digital Currency, Smart Contracts, Tokenomics, Metaverse, Testnet",https://www.facebook.com/groups/416063824057495,7900
"Blockchain, Gemini, FTXUS, Coincheck, Coinone, MEXC, NFT, Hitbtc, Pionex",https://www.facebook.com/groups/605843741270804,7800
"Blockchain, AIRDROPS, Cryptocurrency, Bitcoin, Etherium, metamask",https://www.facebook.com/groups/3298767307028463,7700
cryptocurrency mining investing in cryptocurrency metaverse crypto mining,https://www.facebook.com/groups/534733661727844,7400
cryptocurrency for beginners safemoon crypto ada crypto NFT's smart token,https://www.facebook.com/groups/627810285725361,7300
"NFT, fantom crypto gemini crypto coinbase price polka dot crypto currencies",https://www.facebook.com/groups/492319909620920,531
"Consortium blockchain Cryptocurrency dApp Decentralized Application, NFT",https://www.facebook.com/groups/5480564762061522,6500
"Metaverse Polkadot DOSE Token Solana Huobi blockchain community
Public group",https://www.facebook.com/groups/3344076859208187,5300
Metaverse NFT crypto investment coinmarket pi cryptocurrency crypto coin ,https://www.facebook.com/groups/471878828235426,5300
metaverse crypto crypto trading cryptocurrency investment blockchain tokens,https://www.facebook.com/groups/431887672302308,5200
"NFT's Market Order Mining Pool Paper Wallet Proof of Authority, Metaverse",https://www.facebook.com/groups/1431949353999966,4800
Initial Coin Offering Limit Order Limit Buy Limit Sell Blockchain NFT's.,https://www.facebook.com/groups/1145357409405618,4800
"NFT, Escrow Ethereum Genesis Block HardFork Hardware Wallet CryptoMetaverse",https://www.facebook.com/groups/708144980707745,395
Blockchain Metaverse Polkadot DOSE Token Solana Huobi blockchain community,https://www.facebook.com/groups/669531141125476,4700
Cryptocurrencies Ethereum Bitcoin OKExWallet PolyDoge InuKishu Dogelon Mars,https://www.facebook.com/groups/1319216465597534,4700
"Blockchain Bit coin Ethereum USDT Smart Contracts Testnet, Metaverse, NFT's",https://www.facebook.com/groups/3070737906558681,4700
Margin Trading Market Order Mining Pool Paper Wallet Proof of Authority NFT,https://www.facebook.com/groups/1487781145028710,497
cryptocurrency mining investing in cryptocurrency metaverse crypto NFT's,https://www.facebook.com/groups/833087687822674,8700
Deterministic Wallet Digital Currency Distributed Ledger ERC-20 Escrow Ethe,https://www.facebook.com/groups/651468046494962,8600
Cryptography Decentralized NFT Margin trading mining pool smart contracts,https://www.facebook.com/groups/553820536427516,659
Blockchain Cryptocurrencies NFT's Margin Trading Market Order Mining Pool,https://www.facebook.com/groups/429397949131253,8500
Validators Cryptowallet Blockchain NFT's Crypto derivatives Crypto economics,https://www.facebook.com/groups/511640393799618,8500
"Digital Gold Etherscan Exchange Future Hardware Wallet NFT, functioning",https://www.facebook.com/groups/5106606936106939,8500
